id,lastname,firstname,middlename,suffix
1,Downey,Robert,Clyde,Jr.
2,Evans,Chris,Clyde,Jr.
3,Ruffalo,Mark,Clyde,Jr.
4,Renner,Jeremy,Clyde,Jr.
5,Hemsworth,Chris,Clyde,Jr.
6,Johansson,Scarlett,Clyde,Jr.
7,Hiddleston,Tom,Clyde,Jr.
1,Downey,Robert,Clyde,Jr.
2,Evans,Chris,Clyde,Jr.
3,Ruffalo,Mark,Clyde,Jr.
4,Renner,Jeremy,Clyde,Jr.
5,Hemsworth,Chris,Clyde,Jr.
6,Johansson,Scarlett,Clyde,Jr.
7,Hiddleston,Tom,Clyde,Jr.
1,Downey,Robert,Clyde,Jr.
2,Evans,Chris,Clyde,Jr.
3,Ruffalo,Mark,Clyde,Jr.
4,Renner,Jeremy,Clyde,Jr.
5,Hemsworth,Chris,Clyde,Jr.
6,Johansson,Scarlett,Clyde,Jr.
7,Hiddleston,Tom,Clyde,Jr.
1,Downey,Robert,Clyde,Jr.
2,Evans,Chris,Clyde,Jr.
3,Ruffalo,Mark,Clyde,Jr.
4,Renner,Jeremy,Clyde,Jr.
5,Hemsworth,Chris,Clyde,Jr.
6,Johansson,Scarlett,Clyde,Jr.
7,Hiddleston,Tom,Clyde,Jr.
1,Downey,Robert,Clyde,Jr.
2,Evans,Chris,Clyde,Jr.
3,Ruffalo,Mark,Clyde,Jr.
4,Renner,Jeremy,Clyde,Jr.
5,Hemsworth,Chris,Clyde,Jr.
6,Johansson,Scarlett,Clyde,Jr.
7,Hiddleston,Tom,Clyde,Jr.
1,Downey,Robert,Clyde,Jr.
2,Evans,Chris,Clyde,Jr.
3,Ruffalo,Mark,Clyde,Jr.
4,Renner,Jeremy,Clyde,Jr.
5,Hemsworth,Chris,Clyde,Jr.
6,Johansson,Scarlett,Clyde,Jr.
7,Hiddleston,Tom,Clyde,Jr.
1,Downey,Robert,Clyde,Jr.
2,Evans,Chris,Clyde,Jr.
3,Ruffalo,Mark,Clyde,Jr.
4,Renner,Jeremy,Clyde,Jr.
5,Hemsworth,Chris,Clyde,Jr.
6,Johansson,Scarlett,Clyde,Jr.
7,Hiddleston,Tom,Clyde,Jr.
1,Downey,Robert,Clyde,Jr.
2,Evans,Chris,Clyde,Jr.
3,Ruffalo,Mark,Clyde,Jr.
4,Renner,Jeremy,Clyde,Jr.
5,Hemsworth,Chris,Clyde,Jr.
6,Johansson,Scarlett,Clyde,Jr.
7,Hiddleston,Tom,Clyde,Jr.
1,Downey,Robert,Clyde,Jr.
2,Evans,Chris,Clyde,Jr.
3,Ruffalo,Mark,Clyde,Jr.
4,Renner,Jeremy,Clyde,Jr.
5,Hemsworth,Chris,Clyde,Jr.
6,Johansson,Scarlett,Clyde,Jr.
7,Hiddleston,Tom,Clyde,Jr.
1,Downey,Robert,Clyde,Jr.
2,Evans,Chris,Clyde,Jr.
3,Ruffalo,Mark,Clyde,Jr.
4,Renner,Jeremy,Clyde,Jr.
5,Hemsworth,Chris,Clyde,Jr.
6,Johansson,Scarlett,Clyde,Jr.
7,Hiddleston,Tom,Clyde,Jr.
1,Downey,Robert,Clyde,Jr.
2,Evans,Chris,Clyde,Jr.
3,Ruffalo,Mark,Clyde,Jr.
4,Renner,Jeremy,Clyde,Jr.
5,Hemsworth,Chris,Clyde,Jr.
6,Johansson,Scarlett,Clyde,Jr.
7,Hiddleston,Tom,Clyde,Jr.
1,Downey,Robert,Clyde,Jr.
2,Evans,Chris,Clyde,Jr.
3,Ruffalo,Mark,Clyde,Jr.
4,Renner,Jeremy,Clyde,Jr.
5,Hemsworth,Chris,Clyde,Jr.
6,Johansson,Scarlett,Clyde,Jr.
7,Hiddleston,Tom,Clyde,Jr.
1,Downey,Robert,Clyde,Jr.
2,Evans,Chris,Clyde,Jr.
3,Ruffalo,Mark,Clyde,Jr.
4,Renner,Jeremy,Clyde,Jr.
5,Hemsworth,Chris,Clyde,Jr.
6,Johansson,Scarlett,Clyde,Jr.
7,Hiddleston,Tom,Clyde,Jr.
1,Downey,Robert,Clyde,Jr.
2,Evans,Chris,Clyde,Jr.
3,Ruffalo,Mark,Clyde,Jr.
4,Renner,Jeremy,Clyde,Jr.
5,Hemsworth,Chris,Clyde,Jr.
6,Johansson,Scarlett,Clyde,Jr.
7,Hiddleston,Tom,Clyde,Jr.
1,Downey,Robert,Clyde,Jr.
2,Evans,Chris,Clyde,Jr.
3,Ruffalo,Mark,Clyde,Jr.
4,Renner,Jeremy,Clyde,Jr.
5,Hemsworth,Chris,Clyde,Jr.
6,Johansson,Scarlett,Clyde,Jr.
7,Hiddleston,Tom,Clyde,Jr.
1,Downey,Robert,Clyde,Jr.
2,Evans,Chris,Clyde,Jr.
3,Ruffalo,Mark,Clyde,Jr.
4,Renner,Jeremy,Clyde,Jr.
5,Hemsworth,Chris,Clyde,Jr.
6,Johansson,Scarlett,Clyde,Jr.
7,Hiddleston,Tom,Clyde,Jr.
1,Downey,Robert,Clyde,Jr.
2,Evans,Chris,Clyde,Jr.
3,Ruffalo,Mark,Clyde,Jr.
4,Renner,Jeremy,Clyde,Jr.
5,Hemsworth,Chris,Clyde,Jr.
6,Johansson,Scarlett,Clyde,Jr.
7,Hiddleston,Tom,Clyde,Jr.
1,Downey,Robert,Clyde,Jr.
2,Evans,Chris,Clyde,Jr.
3,Ruffalo,Mark,Clyde,Jr.
4,Renner,Jeremy,Clyde,Jr.
5,Hemsworth,Chris,Clyde,Jr.
6,Johansson,Scarlett,Clyde,Jr.
7,Hiddleston,Tom,Clyde,Jr.
1,Downey,Robert,Clyde,Jr.
2,Evans,Chris,Clyde,Jr.
3,Ruffalo,Mark,Clyde,Jr.
4,Renner,Jeremy,Clyde,Jr.
5,Hemsworth,Chris,Clyde,Jr.
6,Johansson,Scarlett,Clyde,Jr.
7,Hiddleston,Tom,Clyde,Jr.
1,Downey,Robert,Clyde,Jr.
2,Evans,Chris,Clyde,Jr.
3,Ruffalo,Mark,Clyde,Jr.
4,Renner,Jeremy,Clyde,Jr.
5,Hemsworth,Chris,Clyde,Jr.
6,Johansson,Scarlett,Clyde,Jr.
7,Hiddleston,Tom,Clyde,Jr.
1,Downey,Robert,Clyde,Jr.
2,Evans,Chris,Clyde,Jr.
3,Ruffalo,Mark,Clyde,Jr.
4,Renner,Jeremy,Clyde,Jr.
5,Hemsworth,Chris,Clyde,Jr.
6,Johansson,Scarlett,Clyde,Jr.
7,Hiddleston,Tom,Clyde,Jr.
1,Downey,Robert,Clyde,Jr.
2,Evans,Chris,Clyde,Jr.
3,Ruffalo,Mark,Clyde,Jr.
4,Renner,Jeremy,Clyde,Jr.
5,Hemsworth,Chris,Clyde,Jr.
6,Johansson,Scarlett,Clyde,Jr.
7,Hiddleston,Tom,Clyde,Jr.
1,Downey,Robert,Clyde,Jr.
2,Evans,Chris,Clyde,Jr.
3,Ruffalo,Mark,Clyde,Jr.
4,Renner,Jeremy,Clyde,Jr.
5,Hemsworth,Chris,Clyde,Jr.
6,Johansson,Scarlett,Clyde,Jr.
7,Hiddleston,Tom,Clyde,Jr.
1,Downey,Robert,Clyde,Jr.
2,Evans,Chris,Clyde,Jr.
3,Ruffalo,Mark,Clyde,Jr.
4,Renner,Jeremy,Clyde,Jr.
5,Hemsworth,Chris,Clyde,Jr.
6,Johansson,Scarlett,Clyde,Jr.
7,Hiddleston,Tom,Clyde,Jr.
1,Downey,Robert,Clyde,Jr.
2,Evans,Chris,Clyde,Jr.
3,Ruffalo,Mark,Clyde,Jr.
4,Renner,Jeremy,Clyde,Jr.
5,Hemsworth,Chris,Clyde,Jr.
6,Johansson,Scarlett,Clyde,Jr.
7,Hiddleston,Tom,Clyde,Jr.
1,Downey,Robert,Clyde,Jr.
2,Evans,Chris,Clyde,Jr.
3,Ruffalo,Mark,Clyde,Jr.
4,Renner,Jeremy,Clyde,Jr.
5,Hemsworth,Chris,Clyde,Jr.
6,Johansson,Scarlett,Clyde,Jr.
7,Hiddleston,Tom,Clyde,Jr.
1,Downey,Robert,Clyde,Jr.
2,Evans,Chris,Clyde,Jr.
3,Ruffalo,Mark,Clyde,Jr.
4,Renner,Jeremy,Clyde,Jr.
5,Hemsworth,Chris,Clyde,Jr.
6,Johansson,Scarlett,Clyde,Jr.
7,Hiddleston,Tom,Clyde,Jr.
1,Downey,Robert,Clyde,Jr.
2,Evans,Chris,Clyde,Jr.
3,Ruffalo,Mark,Clyde,Jr.
4,Renner,Jeremy,Clyde,Jr.
5,Hemsworth,Chris,Clyde,Jr.
6,Johansson,Scarlett,Clyde,Jr.
7,Hiddleston,Tom,Clyde,Jr.
